{"navigationBarBackgroundColor":"#fff","navigationBarTextStyle":"black","navigationBarTitleText":"\u88c5\u4fee\u65f6\u6709\u54ea\u4e9b\u4e1c\u897f\u6ca1\u88c5\uff0c\u4e8b\u540e\u4f1a\u540e\u6094\uff1f","usingComponents":{"component-share":"\/components\/pageQRCode\/pageQRCode","component-backhome":"\/components\/backToHomePage\/backToHomePage","component-reward-point":"\/components\/rewardPointModal\/rewardPointModal","component-shop-vip":"\/components\/shopVipModal\/shopVipModal","component-announce":"\/components\/announce\/announce","component-getUserInfo":"\/components\/getUserInfo\/getUserInfo","component-filter":"\/components\/filter\/filter","component-formPay":"\/components\/formPay\/formPay","component-community-publish":"\/components\/communityPublish\/communityPublish","component-community-publish-type":"\/components\/communityPublishType\/communityPublishType","component-goodsShoppingCart":"\/components\/goodsShoppingCart\/goodsShoppingCart","component-sinkingModal":"\/components\/sinkingModal\/sinkingModal","franchiseeTabbar":"\/components\/franchiseeTabbar\/franchiseeTabbar"},"enablePullDownRefresh":true}
