{"navigationBarBackgroundColor":"#fff","navigationBarTextStyle":"black","navigationBarTitleText":"\u6c34\u7535\u5de5\u827a","usingComponents":{"component-share":"\/components\/pageQRCode\/pageQRCode","component-backhome":"\/components\/backToHomePage\/backToHomePage","component-reward-point":"\/components\/rewardPointModal\/rewardPointModal","component-shop-vip":"\/components\/shopVipModal\/shopVipModal","component-announce":"\/components\/announce\/announce","component-getUserInfo":"\/components\/getUserInfo\/getUserInfo","component-filter":"\/components\/filter\/filter","component-formPay":"\/components\/formPay\/formPay","component-community-publish":"\/components\/communityPublish\/communityPublish","component-community-publish-type":"\/components\/communityPublishType\/communityPublishType","component-goodsShoppingCart":"\/components\/goodsShoppingCart\/goodsShoppingCart","component-sinkingModal":"\/components\/sinkingModal\/sinkingModal","franchiseeTabbar":"\/components\/franchiseeTabbar\/franchiseeTabbar"},"enablePullDownRefresh":true}
